{"cameraMode":{"drawMode":0,"name":"Shaded","section":"Shading Mode"},"sceneLighting":false,"audioPlay":false,"sceneViewState":{"m_AlwaysRefresh":false,"showFog":true,"showSkybox":false,"showFlares":true,"showImageEffects":true,"showParticleSystems":true,"showVisualEffectGraphs":true,"m_FxEnabled":true},"in2DMode":false,"pivot":{"x":-33.892635345458987,"y":14.867621421813965,"z":3.4214205741882326},"rotation":{"x":-0.14506497979164124,"y":-0.7504880428314209,"z":0.17601527273654939,"w":-0.6204004287719727},"size":7.2058939933776859,"orthographic":false}