{"cameraMode":{"drawMode":0,"name":"Shaded","section":"Shading Mode"},"sceneLighting":false,"audioPlay":false,"sceneViewState":{"m_AlwaysRefresh":false,"showFog":true,"showSkybox":false,"showFlares":true,"showImageEffects":true,"showParticleSystems":true,"showVisualEffectGraphs":true,"m_FxEnabled":true},"in2DMode":false,"pivot":{"x":-0.09331083297729492,"y":-0.07673931121826172,"z":0.11354172229766846},"rotation":{"x":0.1985517293214798,"y":-0.10270091146230698,"z":0.020919503644108774,"w":0.974487841129303},"size":2.340116500854492,"orthographic":false}